Prosess,Vokabular,Tabell,Term,Eksempel,Forklaring (From https://dwc.tdwg.org/terms/ or https://press3.mcs.anl.gov/gensc/mixs/)
Sampling,DwC,Location,locationID,62c71e64-f76c-4572-b77d-964c1ad330da,An identifier for the set of location information (data associated with dcterms:Location). May be a global unique identifier or an identifier specific to the data set.
Sampling,DwC,Location,verbatimLocality,HAst1,The original textual description of the place.
Sampling,DwC,Location,waterBody,Haukvatnet,The name of the water body in which the Location occurs.
Sampling,DwC,MoF,waterBodyID,NVE:VatnLnr:37393,"Code for the waterbody, for example from vann-nett.no"
Sampling,DwC,Location,decimalLatitude,63.394837,"The geographic latitude (in decimal degrees, using the spatial reference system given in geodeticDatum) of the geographic center of a Location. Positive values are north of the Equator, negative values are south of it. Legal values lie between -90 and 90, inclusive."
Sampling,DwC,Location,decimalLongitude,10.322477,"The geographic longitude (in decimal degrees, using the spatial reference system given in geodeticDatum) of the geographic center of a Location. Positive values are east of the Greenwich Meridian, negative values are west of it. Legal values lie between -180 and 180, inclusive."
Sampling,DwC,Location,geodeticDatum,EPSG:4326,"The ellipsoid, geodetic datum, or spatial reference system (SRS) upon which the geographic coordinates given in decimalLatitude and decimalLongitude as based. Recommended best practice is to use the EPSG code of the SRS, if known. Otherwise use a controlled vocabulary for the name or code of the geodetic datum, if known. Otherwise use a controlled vocabulary for the name or code of the ellipsoid, if known. If none of these is known, use the value unknown."
Sampling,DwC,Event,habitat,lentic,A category or description of the habitat in which the Event occurred.
Sampling,DwC,Event,eventID,bb5c8b0d-4eb1-43ec-9c9d-e6e79e04bd32,An identifier for the set of information associated with an Event (something that occurs at a place and time). May be a global unique identifier or an identifier specific to the data set.
Sampling,DwC,Event,eventDate,2016-09-14,"The date-time or interval during which an Event occurred. For occurrences, this is the date-time when the event was recorded. Not suitable for a time in a geological context. Recommended best practice is to use a date that conforms to ISO 8601:2004(E)."
Sampling,DwC,Event,eventTime,10:00+0100,The time or interval during which an Event occurred. Recommended best practice is to use a time that conforms to ISO 8601:2004(E). (Example is 10:00AM in the time zone one hour later than UTC).
Sampling,DwC,Event,sampleSizeValue,1000,"A numeric value for a measurement of the size (time duration, length, area, or volume) of a sample in a sampling event. A sampleSizeValue must have a corresponding sampleSizeUnit. "
Sampling,DwC,Event,sampleSizeUnit,ml,"The unit of measurement of the size (time duration, length, area, or volume) of a sample in a sampling event. A sampleSizeUnit must have a corresponding sampleSizeValue."
Sampling,DwC,Event,samplingProtocol,https://doi.org/10.1038/s41598-018-23052-8,"The name of, reference to, or description of the method or protocol used during an Event."
Sampling,DwC,Event,eventRemarks,"filtered by using an electrical vacuum pump connected to a manifold (Pall Laboratory, Port Washington, NY, USA) carrying three individually operated filter holder bases, and using 0.45 µm mixed cellulose ester (Pall Laboratory) filters.",Comments or notes about the Event.
Extraction,DwC,Event,eventID,0fbc87f8-7b75-486f-bc57-fd19c2bfab0e,An identifier for the set of information associated with an Event (something that occurs at a place and time). May be a global unique identifier or an identifier specific to the data set.
Extraction,DwC,Event,parentEventID,bb5c8b0d-4eb1-43ec-9c9d-e6e79e04bd32,An identifier for the broader Event that groups this and potentially other Events.
Extraction,DwC,MaterialSample,materialSampleID,MM115,"An identifier for the MaterialSample (as opposed to a particular digital record of the material sample). In the absence of a persistent global unique identifier, construct one from a combination of identifiers in the record that will most closely make the materialSampleID globally unique."
Extraction,DwC,Occurrence,preparations,DNA extract,A list (concatenated and separated) of preparations and preservation methods for a specimen.
Extraction,MIxS,MIxS,nucl_acid_ext,{PMID|DOI|URL} of written protocol,"Link to a literature reference, electronic resource or a standard operating procedure (SOP) of the nucleic acid extraction."
Extraction,MIxS,MIxS,preparationDate,2016-10-10,"The date-time or interval during which an Event occurred. For occurrences, this is the date-time when the event was recorded. Recommended best practice is to use a date that conforms to ISO 8601:2004(E)."
Extraction,GGBN Material Sample Extension,,concentration,67.5,Concentration of DNA (weight ng/volume µl) 
Extraction,GGBN Material Sample Extension,,concentrationUnit,ng/µl,Unit used for concentration measurement
Extraction,GGBN Material Sample Extension,,methodDeterminationConcentrationAndRatios,Nanodrop,Description of method used for concentration measurement
Extraction,GGBN Material Sample Extension,,ratioOfAbsorbance260_280, 1.91,"Ratio of absorbance at 260 nm and 280 nm assessing DNA purity (mostly secondary measure, indicates mainly EDTA, carbohydrates, phenol), (DNA samples only). "
Amplification,MIxS,MIxS,target_gene,COI,Targeted gene or locus name for marker gene studies.
Amplification,MIxS,MIxS,target_subfragment,BFR2,Name of subfragment of a gene or locus. Important to e.g. identify special regions on marker genes like V6 on 16S rRNA.
Amplification,MIxS,MIxS,pcr_primers,FWD:GCHCCHGAYATRGCHTTYCC REV:TCDGGRTGNCCRAARAAYCA,"PCR primers that were used to amplify the sequence of the targeted gene, locus or subfragment. This field should contain all the primers used for a single PCR reaction if multiple forward or reverse primers are present in a single PCR reaction. The primer sequence should be reported in uppercase letters."
Amplification,MIxS,MIxS,pcr_cond,initial denaturation:94degC_5min; denaturation:94degC_40s; annealing:50degC_1min; elongation:72degC_20s; final elongation:72degC_2min; total 25 and 30 cycles,Description of reaction conditions and components for PCR in the form of  'initial denaturation:94degC_1.5min; annealing:...'.
Amplification,MIxS,MIxS,nucl_acid_amp, {PMID|DOI|URL} of written protocol of amplification and purification,"Link to a literature reference, electronic resource or a standard operating procedure (SOP) of the amplification reactions."
Amplification,MIxS,MIxS,adapters,"TCGTCGGCAGCGTCAGATGTGTATAAGAGACAG,GTCTCGTGGGCTCGGAGATGTGTATAAGAGACAG",Adapters provide priming sequences for both amplification and sequencing of the sample-library fragments. Both adapters should be reported; in uppercase letters.
Amplification,MIxS,MIxS,mid,"CTAAGCCT,TCCTGAGC","Molecular barcodes, called Multiplex Identifiers (MIDs), that are used to specifically tag unique samples in a sequencing run. Sequence should be reported in uppercase letters."
Sequencing,MIxS,MIxS,lib_const_meth ,https://support.illumina.com/documents/documentation/chemistry_documentation/16s/16s-metagenomic-library-prep-guide-15044223-b.pdf,Library construction method used for sequencing libraries.
Sequencing,MIxS,MIxS,seq_meth ,Illumina MiSeq paired-end,"Sequencing method used; e.g. Sanger, pyrosequencing, ABI-solid."
Sequencing,GGBN Amplification Extension,,geneticAccessionNumber,PRJEB35254,The unique study accession number generated when the study and associated raw reads submitted to SRA (Sequence Read Archive) or DRA (DDBJ Read Archive). 
Sequencing,MIxS,MIxS,sop ,written protocol of bioinformatics,"Operating procedures used in assembly and/or annotation of genomes, metagenomes or environmental sequences."
Sequencing,MIxS,MIxS,submitted_to_insdc ,yes,"Depending on the study (large-scale e.g. done with next generation sequencing technology, or small-scale) sequences have to be submitted to SRA (Sequence Read Archive), DRA (DDBJ Read Archive) or via the classical Webin/Sequin systems to Genbank, ENA and DDBJ. Although this field is mandatory, it is meant as a self-test field, therefore it is not necessary to include this field in contextual data submitted to databases"
Sequencing,MIxS,MIxS,investigation_type ,metagenome,"Nucleic Acid Sequence Report is the root element of all MIGS/MIMS compliant reports as standardized by Genomic Standards Consortium. This field is either eukaryote,bacteria,virus,plasmid,organelle, metagenome,mimarks-survey, or mimarks-specimen."
Sequencing,MIxS,MIxS,env_biome ,freshwater lake,"Biomes are defined based on factors such as plant structures, leaf types, plant spacing, and other factors like climate. Biome should be treated as the descriptor of the broad ecological context of a sample. Examples include: desert, taiga, deciduous woodland, or coral reef. EnvO (v 2013-06-14) terms can be found via the link: www.environmentontology.org/Browse-EnvO."
Sequencing,MIxS,MIxS,env_feature,epilimnion,"Environmental feature level includes geographic environmental features. Compared to biome, feature is a descriptor of the more local environment. Examples include: harbor, cliff, or lake. EnvO (v 2013-06-14) terms can be found via the link: www.environmentontology.org/Browse-EnvO."
Sequencing,MIxS,MIxS,env_material ,fresh water,"The environmental material level refers to the material that was displaced by the sample, or material in which a sample was embedded, prior to the sampling event. Environmental material terms are generally mass nouns. Examples include: air, soil, or water. EnvO (v 2013-06-14) terms can be found via the link: www.environmentontology.org/Browse-EnvO."
Sequencing,MIxS,MIxS,env_package ,MIxS,"MIGS/MIMS/MIMARKS extension for reporting of measurements and observations obtained from one or more of the environments where the sample was obtained. All environmental packages listed here are further defined in separate subtables. By giving the name of the environmental package, a selection of fields can be made from the subtables and can be reported."
Identification,DwC,Occurrence,recordNumber,COI_ASV52884,"An identifier given to the Occurrence at the time it was recorded. Often serves as a link between field notes and an Occurrence record, such as a specimen collector's number."
Identification,DwC,Occurrence,associatedSequences,GCACCAGATATAGCTTTCCCTCGAATAAATAATATAAGATTTTGATTATTACCTCCTTCTTTAACTTTATTATTAGCTAGCTCAATTGTAGAAAACGGGGCTGGAACAGGATGAACTGTTTATCCCCCACTAGCTTCTGGAATTGCACATGCTGGAGCTTCTGTAGATTTAGCAATTTTCTCTCTTCACTTAGCTGGAGTATCTTCTATTTTAGGAGCAGTAAATTTTATTACAACAGTAATTAATATACGATCTAATGGAATTACTTTAGACCGAATACCCTTATTTGTATGATCAGTAGTTATTACAGCCGTATTATTATTACTATCACTACCTGTTTTAGCTGGAGCTATTACTATATTATTAACTGATCGAAATTTAAATACATCCTTTTTTGACCCAGCGGGTGGGGGAGATCCTATTTTATACCAACATTTATTTTGATTTTTCGGGCACCCTGA,"A list (concatenated and separated) of identifiers (publication, global unique identifier, URI) of genetic sequence information associated with the Occurrence."
Identification,,,superkingdom,Eukaryota,
Identification,DwC,Taxon,kingdom,Metazoa,The full scientific name of the kingdom in which the taxon is classified.
Identification,DwC,Taxon,phylum,Arthropoda,The full scientific name of the phylum or division in which the taxon is classified.
Identification,DwC,Taxon,class,Insecta,The full scientific name of the class in which the taxon is classified.
Identification,DwC,Taxon,order,Diptera,The full scientific name of the order in which the taxon is classified.
Identification,DwC,Taxon,family,Chironomidae,The full scientific name of the family in which the taxon is classified.
Identification,DwC,Taxon,genus,Procladius,The full scientific name of the genus in which the taxon is classified.
Identification,DwC,Taxon,specificEpithet,nigriventris,The name of the first or species epithet of the scientificName.
Identification,DwC,Taxon,scientificName,Procladius nigriventris,"The full scientific name, with authorship and date information if known. When forming part of an Identification, this should be the name in lowest level taxonomic rank that can be determined. This term should not contain identification qualifications, which should instead be supplied in the IdentificationQualifier term."
Identification,DwC,Taxon,taxonRank,species,The taxonomic rank of the most specific name in the scientificName.
Identification,DwC,Identification,identificationRemarks,1.0 probability of identification using RDP classifier,Comments or notes about the Identification.
Identification,DwC,Identification,identificationReferences,https://github.com/terrimporter/CO1Classifier,"A list (concatenated and separated) of references (publication, global unique identifier, URI) used in the Identification."
Identification,DwC,Identification,dateIdentified,2019-11-07,The date on which the subject was identified as representing the Taxon. Recommended best practice is to use a date that conforms to ISO 8601:2004(E).
Occurrence,DwC,Occurrence,organismQuantity,324,A number or enumeration value for the quantity of organisms. A dwc:organismQuantity must have a corresponding dwc:organismQuantityType.
Occurrence,DwC,Occurrence,organismQuantityType,DNA sequence reads,The type of quantification system used for the quantity of organisms. A dwc:organismQuantityType must have a corresponding dwc:organismQuantity.
